coordenada,marginal_x,projecao_x,marginal_y,projecao_y
0.0,0.08551899502645433,0.08319312900379053,0.08551899502645438,0.0776227737774791
0.001,0.08659360913431904,0.08423851675743783,0.08659360913431904,0.07859816559267835
0.002,0.0876795346063455,0.08529490823929348,0.08767953460634553,0.07958382436039702
0.003,0.08877685865643475,0.086362388291296,0.08877685865643488,0.08057982924181924
0.004,0.089885668730857,0.08744104198143318,0.08988566873085706,0.0815862596090428
0.005,0.09100605250235978,0.08853095459801097,0.09100605250235985,0.08260319503973183
0.006,0.09213809786417601,0.08963221164382378,0.09213809786417601,0.08363071531167744
0.007,0.09328189292392731,0.09074489883022449,0.09328189292392744,0.08466890039726484
0.008,0.09443752599742679,0.09186910207109439,0.0944375259974268,0.08571783045784684
0.009000000000000001,0.09560508560237581,0.09300490747671328,0.09560508560237585,0.08677758583802464
0.01,0.09678466045196028,0.09415240134752807,0.09678466045196023,0.0878482470598335
0.011,0.09797633944834028,0.09531167016782102,0.09797633944834029,0.08892989481683498
0.012,0.09918021167603798,0.09648280059927618,0.09918021167603809,0.09002260996811416
0.013000000000000001,0.10039636639521952,0.09766587947444454,0.10039636639521948,0.09112647353218234
0.014,0.10162489303487186,0.09886099379010711,0.10162489303487184,0.09224156668078451
0.015,0.10286588118587658,0.100068230700536,0.10286588118587665,0.0933679707326116
0.016,0.10411942059397691,0.10128767751065307,0.104119420593977,0.09450576714691732
0.017,0.10538560115263954,0.10251942166908615,0.10538560115263951,0.09565503751703917
0.018000000000000002,0.10666451289581069,0.10376355076112223,0.10666451289581066,0.09681586356382361
0.019,0.10795624599056716,0.1050201525015578,0.10795624599056719,0.09798832712895496
0.02,0.10926089072966085,0.10628931472744642,0.10926089072966082,0.0991725101681887
0.021,0.11057853752395629,0.10757112539074223,0.11057853752395623,0.10036849474448754
0.022,0.11190927689476304,0.10886567255084052,0.11190927689476307,0.10157636302106131
0.023,0.11325319946606165,0.11017304436701496,0.11325319946606166,0.10279619725431074
0.024,0.11461039595662154,0.1114933290907505,0.11461039595662156,0.10402807978667368
0.025,0.11598095717201397,0.11282661505797292,0.11598095717201404,0.10527209303937485
0.026000000000000002,0.11736497399651775,0.11417299068117488,0.11736497399651767,0.1065283195050792
0.027,0.11876253738491685,0.11553254444143701,0.11876253738491671,0.10779684174044722
0.028,0.1201737383541934,0.1169053648803464,0.12017373835419336,0.10907774235859452
0.029,0.12159866797511247,0.11829154059181002,0.12159866797511251,0.1103711040214534
0.03,0.12303741736370008,0.11969116021376498,0.12303741736370008,0.11167700943203822
0.031,0.12449007767261434,0.12110431241978424,0.12449007767261427,0.11299554132661307
0.032,0.12595674008241,0.12253108591057892,0.12595674008241003,0.11432678246676316
0.033,0.12743749579269698,0.12397156940539651,0.12743749579269692,0.11567081563136891
0.034,0.12893243601319032,0.12542585163331538,0.12893243601319018,0.11702772360848335
0.035,0.13044165195465512,0.1268940213244352,0.13044165195465507,0.11839758918711248
0.036000000000000004,0.13196523481974531,0.12837616720096465,0.13196523481974515,0.11978049514889963
0.037,0.13350327579373367,0.12987237796820475,0.13350327579373356,0.12117652425971256
0.038,0.13505586603513922,0.13138274230542984,0.13505586603513922,0.122585759261135
0.039,0.13662309666624536,0.13290734885666422,0.13662309666624547,0.12400828286186094
0.04,0.13820505876351438,0.13444628622135704,0.13820505876351424,0.12544417772899374
0.041,0.139801843347894,0.13599964294495362,0.13980184334789403,0.12689352647924895
0.042,0.14141354137502224,0.13756750750936503,0.14141354137502246,0.12835641167006184
0.043000000000000003,0.1430402437253241,0.13914996832333448,0.1430402437253241,0.129832915790599
0.044,0.14468204119400294,0.14074711371270268,0.14468204119400302,0.13132312125267537
0.045,0.14633902448093103,0.14235903191057084,0.14633902448093117,0.13282711038157594
0.046,0.14801128418043227,0.14398581104736252,0.14801128418043222,0.134344965406783
0.047,0.14969891077096217,0.14562753914078488,0.14969891077096203,0.13587676845260963
0.048,0.151401994604685,0.14728430408568802,0.1514019946046849,0.137422601528738
0.049,0.15312062589694755,0.14895619364382587,0.1531206258969477,0.1389825465206658
0.05,0.15485489471564998,0.15064329543351523,0.15485489471565017,0.14055668518005762
0.051000000000000004,0.1566048909705141,0.15234569691919697,0.15660489097051408,0.14214509911500525
0.052000000000000005,0.1583707044022498,0.15406348540089695,0.15837070440224965,0.14374786978019422
0.053,0.1601524245716214,0.1557967480035895,0.16015242457162143,0.14536507846697938
0.054,0.16195014084841267,0.15754557166646174,0.1619501408484128,0.14699680629336812
0.055,0.16376394240029013,0.15931004313208105,0.1637639424002903,0.14864313419391317
0.056,0.16559391818156854,0.16109024893546556,0.16559391818156866,0.15030414290951488
0.057,0.16744015692187614,0.16288627539305758,0.16744015692187608,0.15197991297713284
0.058,0.16930274711472137,0.1646982085916018,0.16930274711472137,0.153670524719409
0.059000000000000004,0.17118177700596318,0.16652613437692798,0.1711817770059629,0.15537605823420117
0.06,0.1730773345821803,0.1683701383426387,0.1730773345821804,0.15709659338402845
0.061,0.17498950755895032,0.17023030581870358,0.17498950755895018,0.15883220978542897
0.062,0.17691838336902427,0.1721067218599602,0.17691838336902427,0.16058298679823085
0.063,0.17886404915041454,0.17399947123452178,0.17886404915041448,0.16234900351473594
0.064,0.18082659173438223,0.17590863841209392,0.18082659173438217,0.164130338748819
0.065,0.18280609763333394,0.17783430755219906,0.18280609763333378,0.16592707102494053
0.066,0.18480265302862428,0.17977656249231191,0.18480265302862434,0.16773927856707666
0.067,0.18681634375826806,0.18173548673590426,0.1868163437582679,0.16956703928756425
0.068,0.18884725530455762,0.18371116344040142,0.1888472553045577,0.17141043077586413
0.069,0.190895472781595,0.18570367540505087,0.19089547278159524,0.17326953028724154
0.07,0.19296108092273023,0.18771310505870364,0.19296108092273048,0.175144414731366
0.07100000000000001,0.19504416406791314,0.18973953444751,0.19504416406791306,0.17703516066083072
0.07200000000000001,0.197144806150956,0.1917830452225295,0.19714480615095611,0.17894184425959225
0.073,0.1992630906867137,0.19384371862725655,0.19926309068671358,0.18086454133133129
0.074,0.20139910075817158,0.19592163548506394,0.20139910075817172,0.18280332728773696
0.075,0.20355291900345637,0.19801687618656244,0.2035529190034562,0.18475827713671275
0.076,0.2057246276027553,0.20012952067687986,0.20572462760275528,0.18672946547050742
0.077,0.20791430826516136,0.20225964844286098,0.20791430826516133,0.1887169664537719
0.078,0.21012204221542982,0.20440733850018594,0.21012204221542985,0.19072085381154008
0.079,0.21234791018065965,0.20657266938041283,0.21234791018065952,0.19274120081713936
0.08,0.214591992376892,0.20875571911794233,0.21459199237689203,0.19477808028002766
0.081,0.2168543684956349,0.21095656523690606,0.21685436849563472,0.19683156453355993
0.082,0.2191351176903065,0.2131752847379822,0.21913511769030658,0.19890172542268658
0.083,0.22143431856260798,0.21541195408513522,0.22143431856260803,0.20098863429158093
0.084,0.22375204914881758,0.21766664919228548,0.22375204914881747,0.20309236197120142
0.085,0.2260883869060141,0.21993944540990673,0.22608838690601427,0.20521297876678662
0.08600000000000001,0.22844340869823043,0.2222304175115548,0.22844340869823046,0.20735055444528577
0.08700000000000001,0.230817190782532,0.22453963968032686,0.2308171907825322,0.20950515822272472
0.088,0.23320980879503178,0.2268671854952547,0.23320980879503156,0.21167685875151035
0.089,0.23562133773683266,0.22921312791763226,0.23562133773683294,0.21386572410767343
0.09,0.23805185195991,0.23157753927727773,0.23805185195991013,0.21607182177805073
0.091,0.2405014251529218,0.23396049125873422,0.24050142515292194,0.21829521864740956
0.092,0.24297013032696263,0.236362054887408,0.24297013032696235,0.2205359809855141
0.093,0.24545803980125072,0.23878230051564767,0.24545803980125075,0.2227941744341368
0.094,0.24796522518876027,0.24122129780876342,0.24796522518876032,0.22506986399401357
0.095,0.25049175738178947,0.24367911573099074,0.2504917573817893,0.22736311401174752
0.096,0.2530377065374743,0.24615582253139792,0.2530377065374744,0.2296739881666599
0.097,0.2556031420632494,0.24865148572973944,0.2556031420632491,0.23200254945759075
0.098,0.25818813260224743,0.25116617210225767,0.25818813260224754,0.2343488601896513
0.099,0.26079274601865743,0.25369994766743326,0.26079274601865754,0.23671298196092846
0.1,0.26341704938302213,0.2562528776716868,0.2634170493830219,0.23909497564914378
0.101,0.2660611089574915,0.2588250265750332,0.26606110895749185,0.24149490139826846
0.10200000000000001,0.268724990181032,0.2614164580366894,0.26872499018103224,0.24391281860509467
0.10300000000000001,0.2714087576545833,0.26402723490063934,0.2714087576545833,0.24634878590576717
0.10400000000000001,0.2741124751261772,0.2666574191811556,0.2741124751261774,0.24880286116227415
0.105,0.2768362054760143,0.2693070720482811,0.2768362054760145,0.2512751014489012
0.106,0.2795800107014981,0.27197625381327173,0.2795800107014982,0.25376556303864856
0.107,0.2823439519022332,0.2746650239140021,0.28234395190223327,0.25627430138961427
0.108,0.28512808926498734,0.2773734409003362,0.2851280892649873,0.258801371131344
0.109,0.2879324820486185,0.280101562419465,0.28793248204861854,0.26134682605115056
0.11,0.29075718856897065,0.28284944520121197,0.2907571885689707,0.26391071908040376
0.111,0.2936022661837379,0.28561714504331037,0.29360226618373786,0.26649310228079254
0.112,0.2964677712773011,0.28840471679665114,0.2964677712773012,0.2690940268305616
0.113,0.2993537592455393,0.29121221435050737,0.2993537592455393,0.2717135430107245
0.114,0.30226028448061404,0.29403969061773355,0.302260284480614,0.27435170019125427
0.115,0.30518740035573444,0.29688719751994413,0.3051874003557344,0.27700854681725423
0.116,0.3081351592098999,0.2997547859726711,0.3081351592099001,0.2796841303951095
0.117,0.31110361233262723,0.3026425058705062,0.3111036123326273,0.28237849747862387
0.11800000000000001,0.31409280994865835,0.3055504060722258,0.31409280994865835,0.28509169365514087
0.11900000000000001,0.31710280120265677,0.3084785343859034,0.31710280120265716,0.2878237635316528
0.12,0.32013363414389473,0.31142693755401013,0.3201336341438946,0.2905747507208992
0.121,0.32318535571092255,0.3143956612385068,0.32318535571092244,0.2933446978274569
0.122,0.32625801171624175,0.31738475000592875,0.32625801171624147,0.29613364643382345
0.123,0.3293516468309648,0.3203942473124656,0.3293516468309651,0.29894163708649624
0.124,0.3324663045694781,0.3234241954890389,0.3324663045694783,0.3017687092820488
0.125,0.3356020272740986,0.32647463572637897,0.3356020272740985,0.3046149014532073
0.126,0.3387588560997366,0.329545608060104,0.33875885609973677,0.3074802509549285
0.127,0.34193683099856403,0.33263715135580313,0.3419368309985642,0.31036479405048145
0.128,0.3451359907046844,0.33574930329412567,0.34513599070468437,0.31326856589753566
0.129,0.3483563727188153,0.33888210035588023,0.34835637271881525,0.3161916005342572
0.13,0.3515980132929815,0.3420355778071426,0.3515980132929815,0.31913393086541436
0.131,0.35486094741522206,0.34520976968437966,0.3548609474152224,0.32209558864849713
0.132,0.35814520879431405,0.34840470877958796,0.3581452087943141,0.32507660447985115
0.133,0.361450829844511,0.3516204266254495,0.3614508298445115,0.3280770077808274
0.134,0.36477784167031124,0.35485695348050994,0.3647778416703112,0.3310968267839526
0.135,0.3681262740512384,0.3581143183143782,0.3681262740512382,0.33413608851911997
0.136,0.3714961554266585,0.3613925487929527,0.37149615542665815,0.337194818799805
0.137,0.37488751288061933,0.36469167126367485,0.3748875128806192,0.3402730422093055
0.138,0.37830037212672435,0.3680117107408129,0.37830037212672435,0.34337078208701155
0.139,0.3817347574930374,0.371352690890779,0.38173475749303765,0.3464880605147054
0.14,0.3851906919070273,0.3747146340174813,0.38519069190702726,0.3496248983028942
0.14100000000000001,0.3886681968805475,0.37809756104771447,0.3886681968805472,0.3527813149771793
0.14200000000000002,0.392167292494861,0.3815014915165903,0.3921672924948608,0.3559573287646614
0.14300000000000002,0.39568799738570837,0.38492644355301114,0.3956879973857079,0.35915295658038765
0.14400000000000002,0.3992303287284194,0.38837243386518916,0.39923032872841935,0.3623682140138398
0.145,0.4027943022230815,0.3918394777262144,0.40279430222308144,0.36560311531546885
0.146,0.40637993207975215,0.39532758895967274,0.4063799320797521,0.36885767338327613
0.147,0.40998723100373163,0.3988367799253173,0.40998723100373125,0.37213189974944383
0.148,0.4136162101808909,0.4023670615047967,0.41361621018089056,0.3754258045670189
0.149,0.41726687926306216,0.40591844308744146,0.41726687926306205,0.3787393965966513
0.15,0.4209392463534906,0.4094909325561119,0.42093924635349056,0.38207268319338933
0.151,0.42463331799235177,0.4130845362731099,0.4246333179923515,0.3854256702935348
0.152,0.42834909914233743,0.4166992590661576,0.42834909914233765,0.3887983624015604
0.153,0.4320865931743168,0.4203351042144456,0.4320865931743174,0.39219076257709223
0.154,0.4358458018530668,0.423992073434753,0.4358458018530669,0.39560287242195924
0.155,0.4396267253230785,0.42767016686764303,0.4396267253230788,0.39903469206731296
0.156,0.4434293620944515,0.4313693830637351,0.4434293620944515,0.40248622016081886
0.157,0.44725370902886075,0.43508971897005805,0.447253709028861,0.40595745385392323
0.158,0.4510997613256167,0.4388311699164867,0.4510997613256171,0.40944838878919815
0.159,0.45496751250780954,0.4425937296022634,0.4549675125078093,0.4129590190877653
0.16,0.4588569544085432,0.4463773900826091,0.45885695440854274,0.4164893373368034
0.161,0.46276807715726853,0.45018214175542476,0.46276807715726864,0.4200393345771403
0.162,0.4667008691662112,0.45400797334808823,0.46670086916621134,0.42360900029093407
0.163,0.4706553171168946,0.4578548719043476,0.47065531711689523,0.4271983223894433
0.164,0.47463140594677367,0.4617228227713133,0.4746314059467738,0.4308072872008907
0.165,0.47862911883596476,0.4656118095865552,0.478629118835965,0.43443587945842393
0.166,0.48264843719409417,0.4695218142653018,0.4826484371940942,0.4380840822881721
0.167,0.4866893406472486,0.4734528169877514,0.4866893406472489,0.44175187719740616
0.168,0.49075180702504667,0.4774047961864914,0.4907518070250466,0.44543924406280105
0.169,0.49483581234782215,0.4813777285340325,0.49483581234782187,0.44914616111880407
0.17,0.4989413308139307,0.48537158893046023,0.4989413308139309,0.45287260494611364
0.171,0.5030683347871803,0.4893863504912045,0.5030683347871803,0.4566185504602675
0.17200000000000001,0.5072167947843818,0.4934219845349338,0.5072167947843821,0.46038397090034755
0.17300000000000001,0.511386679463036,0.4974784605715717,0.5113866794630358,0.46416883781779894
0.17400000000000002,0.5155779556091443,0.5015557462904447,0.5155779556091445,0.46797312106537103
0.17500000000000002,0.5197905881251623,0.5056538075485575,0.5197905881251625,0.4717967887861782
0.176,0.5240245400180844,0.5097726083590052,0.5240245400180839,0.47563980740288764
0.177,0.5282797723876687,0.5139121108795207,0.5282797723876685,0.4795021416070338
0.178,0.5325562444148136,0.5180722754011605,0.5325562444148131,0.4833837543484613
0.179,0.5368539133500672,0.522253060337134,0.5368539133500675,0.48728460682490304
0.18,0.5411727345023019,0.5264544222117791,0.5411727345023014,0.49120465847169276
0.181,0.545512661227522,0.5306763156496822,0.5455126612275216,0.49514386695161466
0.182,0.5498736449178457,0.5349186933649526,0.5498736449178457,0.49910218814489554
0.183,0.5542556349906319,0.5391815061506487,0.5542556349906322,0.5030795761393387
0.184,0.5586585788777729,0.5434647028683612,0.5586585788777734,0.5070759832206049
0.185,0.5630824220151492,0.5477682304379543,0.5630824220151492,0.5110913598626404
0.186,0.5675271078322504,0.5520920338274711,0.5675271078322508,0.5151256547182584
0.187,0.5719925777419711,0.5564360560432018,0.5719925777419708,0.5191788146098721
0.188,0.5764787711305672,0.5608002381199212,0.5764787711305678,0.5232507845203859
0.189,0.580985625347806,0.5651845191112955,0.5809856253478053,0.5273415075842443
0.19,0.5855130756972682,0.5695888360804628,0.5855130756972686,0.5314509250786434
0.191,0.5900610554268632,0.5740131240907905,0.5900610554268635,0.5355789764149075
0.192,0.5946294957194977,0.5784573161968087,0.5946294957194971,0.5397255991300285
0.193,0.5992183256839473,0.5829213434353293,0.5992183256839475,0.5438907288783806
0.194,0.6038274723459209,0.5874051348167451,0.6038274723459212,0.5480742994236018
0.195,0.6084568606393032,0.5919086173165197,0.608456860639303,0.5522762426306533
0.196,0.6131064133976012,0.5964317158668643,0.6131064133976019,0.5564964884580539
0.197,0.6177760513455935,0.600974353348609,0.6177760513455941,0.5607349649502952
0.198,0.6224656930911662,0.6055364505832674,0.6224656930911663,0.5649915982304381
0.199,0.6271752551173632,0.6101179263253013,0.6271752551173637,0.5692663124928947
0.2,0.631904651774642,0.6147186972545826,0.6319046517746425,0.573559029996396
0.201,0.6366537952733324,0.6193386779690639,0.6366537952733324,0.5778696710571518
0.202,0.6414225956763111,0.6239777809776477,0.6414225956763107,0.5821981540421988
0.203,0.6462109608918892,0.6286359166932706,0.6462109608918893,0.5865443953629468
0.20400000000000001,0.6510187966669214,0.6333129934261946,0.6510187966669212,0.5909083094689197
0.20500000000000002,0.6558460065801235,0.6380089173775131,0.6558460065801237,0.5952898088416965
0.20600000000000002,0.6606924920356259,0.6427235926328746,0.6606924920356261,0.5996888039890544
0.20700000000000002,0.6655581522567401,0.6474569211564223,0.6655581522567412,0.6041052034393155
0.20800000000000002,0.6704428842799658,0.6522088027849574,0.6704428842799649,0.6085389137358994
0.209,0.675346582949204,0.6569791352223254,0.6753465829492049,0.6129898394320866
0.21,0.6802691409102433,0.6617678140340288,0.6802691409102439,0.6174578830859913
0.211,0.6852104486054349,0.6665747326420681,0.6852104486054355,0.621942945255748
0.212,0.6901703942686391,0.6713997823200152,0.6901703942686398,0.6264449244949146
0.213,0.695148863920398,0.6762428521883186,0.6951488639203982,0.6309637173480926
0.214,0.700145741363353,0.681103829209847,0.7001457413633525,0.6354992183467681
0.215,0.7051609081779057,0.68598259818567,0.7051609081779051,0.6400513200053755
0.216,0.7101942437181326,0.6908790417510788,0.7101942437181327,0.6446199128175848
0.217,0.7152456251079442,0.6957930403718522,0.715245625107944,0.6492048852528174
0.218,0.7203149272374938,0.7007244723407663,0.7203149272374944,0.6538061237529899
0.219,0.7254020227598512,0.7056732137743524,0.7254020227598514,0.658423512729488
0.22,0.7305067820879217,0.7106391386099057,0.7305067820879213,0.6630569345603768
0.221,0.7356290733916309,0.715622118602744,0.7356290733916304,0.6677062695878426
0.222,0.7407687625953716,0.7206220233237242,0.7407687625953718,0.6723713961158748
0.223,0.7459257133757132,0.7256387201570116,0.7459257133757131,0.6770521904081861
0.224,0.7510997871593716,0.7306720742981105,0.7510997871593716,0.681748526686374
0.225,0.7562908431214562,0.7357219487521548,0.7562908431214568,0.6864602771283257
0.226,0.7614987381839835,0.7407882043324616,0.7614987381839835,0.6911873118668691
0.227,0.7667233270146583,0.7458706996593488,0.7667233270146576,0.6959294989886695
0.228,0.7719644620259339,0.7509692911592208,0.771964462025935,0.7006867045333763
0.229,0.777221993374358,0.7560838330639228,0.7772219933743577,0.7054587924930206
0.23,0.7824957689601691,0.7612141774103655,0.7824957689601687,0.7102456248116649
0.231,0.7877856344272071,0.7663601740404226,0.7877856344272072,0.7150470613853078
0.232,0.7930914331630837,0.7715216706011039,0.793091433163084,0.7198629600620452
0.233,0.7984130062996451,0.7766985125450028,0.7984130062996451,0.7246931766424881
0.234,0.8037501927137182,0.7818905431310244,0.8037501927137173,0.7295375648804416
0.23500000000000001,0.8091028290281438,0.7870976034253923,0.8091028290281442,0.7343959764838445
0.23600000000000002,0.8144707496131115,0.7923195323029367,0.8144707496131105,0.7392682611159714
0.23700000000000002,0.8198537865877594,0.797556166448667,0.8198537865877588,0.7441542663968994
0.23800000000000002,0.8252517698220974,0.8028073403596295,0.8252517698220976,0.7490538379052419
0.23900000000000002,0.8306645269392066,0.8080728863470507,0.8306645269392066,0.7539668191801485
0.24,0.8360918833177354,0.8133526345387695,0.836091883317736,0.7588930517235738
0.241,0.841533662094705,0.8186464128819599,0.8415336620947048,0.763832375002818
0.242,0.8469896841685984,0.8239540471461437,0.8469896841685985,0.7687846264533381
0.243,0.8524597682027676,0.8292753609264966,0.8524597682027673,0.7737496414818328
0.244,0.8579437306291267,0.8346101756474478,0.8579437306291273,0.7787272534696004
0.245,0.8634413856521639,0.839958310566578,0.8634413856521648,0.7837172937761762
0.246,0.8689525452532462,0.8453195827788086,0.8689525452532458,0.7887195917432415
0.247,0.8744770191952335,0.8506938072208949,0.8744770191952334,0.7937339746988153
0.248,0.8800146150274097,0.856080796676215,0.8800146150274093,0.7987602679617232
0.249,0.88556513809071,0.8614803617798604,0.8855651380907098,0.8037982948463466
0.25,0.8911283915232658,0.8668923110240283,0.891128391523266,0.8088478766676542
0.251,0.89670417626626,0.8723164507637167,0.896704176266259,0.813908832746516
0.252,0.9022922910700868,0.8777525852227226,0.9022922910700872,0.8189809804152994
0.253,0.907892532500843,0.8832005164999462,0.9078925325008446,0.8240641350237518
0.254,0.9135046949471164,0.8886600445760013,0.9135046949471164,0.8291581099451675
0.255,0.9191285706270879,0.8941309673201288,0.919128570627088,0.8342627165828397
0.256,0.9247639495959701,0.8996130804974225,0.9247639495959699,0.8393777643768014
0.257,0.9304106197537408,0.9051061777763613,0.9304106197537422,0.8445030608108534
0.258,0.9360683668532132,0.910610050736649,0.9360683668532128,0.8496384114198794
0.259,0.9417369745083998,0.916124488877367,0.9417369745083988,0.8547836197974529
0.26,0.9474162242032215,0.9216492796254346,0.947416224203222,0.8599384876037307
0.261,0.95310589530053,0.9271842083443823,0.95310589530053,0.8651028145736392
0.262,0.9588057650514316,0.9327290583434374,0.9588057650514323,0.8702763985253512
0.263,0.9645156086049612,0.9382836108869183,0.9645156086049604,0.8754590353690511
0.264,0.9702351990180493,0.9438476452039464,0.9702351990180493,0.8806505191159978
0.265,0.9759643072658404,0.9494209384984672,0.9759643072658396,0.8858506418878725
0.266,0.9817027022523037,0.9550032659595866,0.9817027022523026,0.8910591939264254
0.267,0.9874501508211869,0.9605944007722208,0.9874501508211875,0.8962759636034106
0.268,0.9932064177672917,0.9661941141280593,0.9932064177672919,0.9015007374308162
0.269,0.998971265848056,0.9718021752368442,0.9989712658480555,0.9067333000713877
0.27,1.0047444557954757,0.9774183513379608,1.0047444557954757,0.9119734343494433
0.271,1.0105257463283475,0.9830424077123463,1.010525746328347,0.9172209212619841
0.272,1.0163148941648246,0.9886741076947085,1.0163148941648248,0.9224755399900959
0.273,1.0221116540353108,0.9943132126860638,1.022111654035311,0.9277370679106467
0.274,1.0279157786956648,0.9999594821665854,1.0279157786956632,0.9330052806082751
0.275,1.0337270189407275,1.0056126737087692,1.0337270189407266,0.9382799518876748
0.276,1.0395451236181905,1.0112725429909097,1.0395451236181903,0.9435608537861679
0.277,1.045369839642764,1.016938843810895,1.0453698396427629,0.9488477565865763
0.278,1.0512009120106751,1.0226113281003106,1.0512009120106751,0.9541404288303807
0.279,1.0570380838144993,1.028289745938858,1.0570380838144997,0.959438637331175
0.28,1.062881096258295,1.0339738455690868,1.062881096258295,0.964742147188411
0.281,1.0687296886730695,1.0396633734114389,1.0687296886730702,0.9700507218014351
0.28200000000000003,1.0745835985325678,1.0453580740796025,1.074583598532569,0.9753641228838151
0.28300000000000003,1.0804425614693756,1.0510576903961806,1.0804425614693747,0.9806821104779592
0.28400000000000003,1.0863063112913338,1.0567619634086658,1.0863063112913347,0.9860044429700202
0.28500000000000003,1.0921745799983007,1.06247063240573,1.0921745799983018,0.991330877105097
0.28600000000000003,1.098047097799194,1.0681834349338182,1.098047097799194,0.9966611680027141
0.28700000000000003,1.103923593129373,1.0739001068140537,1.1039235931293725,1.0019950691725978
0.28800000000000003,1.1098037926683337,1.0796203821594486,1.1098037926683333,1.0073323325307322
0.289,1.1156874213577161,1.0853439933924236,1.115687421357715,1.0126727084157072
0.29,1.121574202419623,1.09107067126263,1.121574202419622,1.0180159456053466
0.291,1.1274638573752565,1.0968001448650775,1.1274638573752562,1.0233617913336226
0.292,1.133356106063865,1.1025321416585645,1.1333561060638655,1.0287099913078512
0.293,1.1392506666619997,1.108266387484414,1.1392506666620004,1.0340602897261748
0.294,1.1451472557030777,1.1140026065855042,1.1451472557030784,1.0394124292953175
0.295,1.1510455880972597,1.1197405216256027,1.1510455880972603,1.0447661512486253
0.296,1.1569453771516292,1.1254798537089994,1.1569453771516285,1.0501211953643845
0.297,1.162846334590673,1.1312203224004351,1.162846334590674,1.055477299984415
0.298,1.1687481705770864,1.1369616457453229,1.1687481705770852,1.0608342020329398
0.299,1.1746505937328382,1.1427035402902679,1.1746505937328389,1.0661916370357283
0.3,1.1805533111605917,1.148445721103876,1.1805533111605917,1.0715493391395137
0.301,1.1864560284653713,1.1541879017978551,1.1864560284653711,1.0769070411316797
0.302,1.1923584497765627,1.159929794548404,1.1923584497765618,1.0822644744602192
0.303,1.1982602777701872,1.1656711101178876,1.1982602777701885,1.087621369253957
0.304,1.2041612136914916,1.1714115578767996,1.2041612136914912,1.092977454343041
0.305,1.210060957377793,1.1771508458260083,1.2100609573777923,1.098332457279701
0.306,1.2159592072816534,1.1828886806192804,1.215959207281653,1.1036861043592625
0.307,1.2218556604943156,1.1886247675860897,1.2218556604943156,1.109038120641428
0.308,1.2277500127694343,1.1943588107546985,1.2277500127694343,1.1143882299718144
0.309,1.2336419585470833,1.2000905128755168,1.2336419585470844,1.1197361550037472
0.31,1.239531190978057,1.2058195754447338,1.239531190978056,1.1250816172203095
0.311,1.2454174019484239,1.2115456987282207,1.2454174019484239,1.130424336956645
0.312,1.2513002821043955,1.2172685817857005,1.251300282104396,1.1357640334225092
0.313,1.2571795208774308,1.2229879224951872,1.2571795208774306,1.141100424725072
0.314,1.263054806509632,1.2287034175776848,1.263054806509632,1.1464332278919631
0.315,1.2689258260794074,1.2344147626221513,1.2689258260794074,1.151762158894565
0.316,1.2747922655273929,1.2401216521107188,1.2747922655273944,1.157086932671543
0.317,1.2806538096826514,1.2458237794441713,1.2806538096826519,1.1624072631526194
0.318,1.2865101422891059,1.2515208369676756,1.2865101422891074,1.1677228632825785
0.319,1.2923609460322687,1.257212515996763,1.2923609460322694,1.1730334450455115
0.32,1.298205902566187,1.26289850684356,1.2982059025661863,1.1783387194892898
0.321,1.3040446925406657,1.2685784988432627,1.304044692540665,1.1836383967502653
0.322,1.3098769956287355,1.2742521803808542,1.309876995628735,1.188932186078202
0.323,1.3157024905543595,1.2799192389180645,1.3157024905543582,1.1942197958614278
0.324,1.3215208551203856,1.28557936102056,1.3215208551203836,1.1995009336522051
0.325,1.3273317662367452,1.2912322323853758,1.327331766236743,1.2047753061923254
0.326,1.333134899948884,1.2968775378685697,1.3331348999488806,1.210042619438913
0.327,1.3389299314664196,1.3025149615131097,1.3389299314664171,1.2153025785904434
0.328,1.3447165351920491,1.3081441865769825,1.3447165351920465,1.2205548881129713
0.329,1.3504943847506607,1.3137648955615229,1.3504943847506579,1.2257992517665626
0.33,1.3562631530186873,1.3193767702399628,1.3562631530186806,1.231035372631932
0.331,1.362022512153656,1.3249794916861926,1.362022512153651,1.2362629531372777
0.332,1.3677721336240012,1.3305727403037348,1.3677721336239952,1.2414816950853165
0.333,1.3735116882390346,1.3361561958549224,1.3735116882390246,1.246691299680507
0.334,1.3792408461791514,1.341729537490284,1.3792408461791414,1.2518914675564692
0.335,1.384959277026264,1.3472924437781295,1.3849592770262515,1.2570818988035868
0.336,1.3906666497943907,1.352844592734328,1.3906666497943758,1.2622622929967926
0.337,1.3963626329604821,1.3583856618522854,1.3963626329604644,1.267432349223539
0.338,1.4020468944954214,1.3639153281331042,1.402046894495401,1.2725917661119386
0.339,1.4077191018952298,1.3694332681159354,1.4077191018952036,1.2777402418590824
0.34,1.41337892221244,1.3749391579085084,1.4133789222124058,1.2828774742595268
0.341,1.419026022087665,1.3804326732178394,1.419026022087625,1.2880031607339457
0.342,1.4246600677813575,1.3859134893811134,1.4246600677813097,1.2931169983579445
0.343,1.4302807252057177,1.3913812813967397,1.4302807252056593,1.2982186838910361
0.34400000000000003,1.4358876599567865,1.3968357239555675,1.4358876599567156,1.303307913805767
0.34500000000000003,1.4414805373467088,1.4022764914722698,1.441480537346623,1.3083843843169987
0.34600000000000003,1.4470590224361515,1.40770325811688,1.4470590224360471,1.313447791411334
0.34700000000000003,1.4526227800668805,1.4131156978464876,1.4526227800667548,1.3184978308766897
0.34800000000000003,1.4581714748944994,1.4185134844370781,1.458171474894347,1.3235341983320048
0.34900000000000003,1.463704771421326,1.4238962915155224,1.4637047714211415,1.3285565892570876
0.35000000000000003,1.4692223340294228,1.4292637925917067,1.4692223340292003,1.3335646990225956
0.35100000000000003,1.4747238270137635,1.4346156610907983,1.474723827013497,1.3385582229201385
0.352,1.4802089146155442,1.4399515703856438,1.4802089146152233,1.3435368561925096
0.353,1.485677261055613,1.445271193829299,1.4856772610552258,1.3485002940640363
0.354,1.4911285305680329,1.4505742047876768,1.4911285305675683,1.3534482317710421
0.355,1.4965623874337801,1.4558602766723197,1.4965623874332197,1.3583803645924248
0.356,1.5019784960145315,1.4611290829732855,1.5019784960138587,1.3632963878803408
0.357,1.5073765207866006,1.4663802972921418,1.5073765207857923,1.3681959970909894
0.358,1.5127561263749558,1.47161359337507,1.5127561263739835,1.373078887815501
0.359,1.5181169775873478,1.4768286451460666,1.5181169775861818,1.377944755810915
0.36,1.5234587394485521,1.4820251267402427,1.5234587394471542,1.3827932970312506
0.361,1.5287810772346866,1.4872027125372176,1.528781077233011,1.3876242076586625
0.362,1.534083656507625,1.492361077194596,1.53408365650562,1.392437184134679
0.363,1.5393661431495074,1.4974998956815304,1.5393661431471068,1.3972319231915145
0.364,1.5446282033973062,1.502618843312361,1.544628203394435,1.4020081218834595
0.365,1.549869503877492,1.5077175957803268,1.54986950387406,1.4067654776183334
0.366,1.5550897116407552,1.512795829191347,1.555089711636656,1.411503688189003
0.367,1.5602884941967992,1.5178532200978656,1.5602884941919037,1.4162224518049633
0.368,1.565465519549185,1.522889445532753,1.5654655195433438,1.420921467123967
0.369,1.5706204562302415,1.5279041830432625,1.570620456223279,1.425600433283708
0.37,1.5757529733360298,1.5328971107250349,1.5757529733277322,1.4302590499335504
0.371,1.5808627405613285,1.5378679072561479,1.5808627405514462,1.4348970172662958
0.372,1.585949428234685,1.5428162519312025,1.5859494282229232,1.4395140360499896
0.373,1.5910127073534905,1.5477418246954446,1.5910127073395008,1.444109807659756
0.374,1.5960522496190834,1.5526443061789146,1.5960522496024567,1.4486840341096632
0.375,1.6010677274718876,1.5575233777306214,1.6010677274521374,1.453236418084607
0.376,1.6060588141265544,1.5623787214527345,1.6060588141031058,1.4577666629722144
0.377,1.6110251836071245,1.5672100202347894,1.6110251835793044,1.4622744728947594
0.378,1.615966510782209,1.5720169577879024,1.6159665107492254,1.466759552741086
0.379,1.6208824714001697,1.5767992186789883,1.6208824713610852,1.4712216081985354
0.38,1.6257727421242807,1.5815564883649766,1.6257727420779973,1.4756603457848703
0.381,1.6306370005679105,1.5862884532270198,1.6306370005131376,1.4800754728801935
0.382,1.635474925329681,1.5909948006046903,1.6354749252648975,1.4844666977588552
0.383,1.6402861960285884,1.5956752188301622,1.6402861959520183,1.488833729621345
0.384,1.6450704933391531,1.6003293972623642,1.645070493248705,1.49317627862616
0.385,1.6498274990264832,1.604957026321115,1.6498274989197088,1.4974940559216519
0.386,1.6545568959813455,1.6095577975212159,1.654556895855378,1.5017867736778392
0.387,1.6592583682551871,1.6141314035065109,1.6592583681066693,1.5060541451181864
0.388,1.663931601095112,1.6186775380839031,1.6639316009201135,1.510295884551341
0.389,1.6685762809788025,1.6231958962573207,1.668576280772733,1.5145117074028271
0.39,1.6731920956494082,1.627686174261631,1.6731920954069017,1.5187013302466883
0.391,1.6777787341503556,1.6321480695964932,1.6777787338651482,1.522864470837073
0.392,1.6823358868601068,1.636581281060151,1.682335886524889,1.5270008481397654
0.393,1.6868632455268444,1.6409855087831517,1.6868632451330918,1.531110182363646
0.394,1.6913605033030774,1.6453604542619906,1.6913605028408625,1.5351921949920837
0.395,1.6958273547801932,1.6497058203926809,1.6958273542379494,1.5392466088142578
0.396,1.7002634960228946,1.6540213115042302,1.7002634953871594,1.5432731479563935
0.397,1.704668624603559,1.6583066333920313,1.7046686238586823,1.5472715379129165
0.398,1.7090424396365236,1.6625614933511599,1.7090424387643144,1.5512415055775208
0.399,1.713384641812255,1.666785600209563,1.7133846407915818,1.5551827792741353
0.4,1.7176949334314124,1.6709786643611488,1.717694932237751,1.5590950887877995
0.401,1.72197301843882,1.6751403977987624,1.7219730170437269,1.5629781653954282
0.402,1.726218602457331,1.6792705141470428,1.7262186008278297,1.5668317418964708
0.403,1.7304313928215522,1.6833687286951604,1.7304313909194469,1.5706555526434574
0.404,1.7346110986114844,1.6874347584294274,1.7346110963925558,1.5744493335724223
0.405,1.7387574306860087,1.6914683220657734,1.7387574280991065,1.5782128222332092
0.406,1.7428701017162824,1.6954691400820865,1.742870098702267,1.5819457578196443
0.40700000000000003,1.7469488262189792,1.6994369347504088,1.7469488227095202,1.585647881199577
0.40800000000000003,1.7509933205893895,1.7033714301689866,1.7509933165056073,1.5893189349447832
0.40900000000000003,1.7550033031344479,1.7072723522941635,1.7550032983853177,1.5929586633607242
0.41000000000000003,1.758978494105537,1.711139428972121,1.7589784885861106,1.596566812516162
0.41100000000000003,1.7629186157312275,1.7149723899704494,1.7629186093205733,1.6001431302726155
0.41200000000000003,1.7668233922498424,1.7187709670095568,1.766823384808705,1.6036873663136653
0.41300000000000003,1.7706925499418928,1.7225348937938956,1.7706925413100212,1.6071992721740929
0.41400000000000003,1.7745258171623646,1.7262639060430216,1.7745258071554737,1.610678601268857
0.41500000000000004,1.7783229243728802,1.7299577415224587,1.7783229127791857,1.6141251089218926
0.41600000000000004,1.7820836041737158,1.7336161400743806,1.7820835907499877,1.6175385523947396
0.417,1.7858075913356741,1.7372388436480997,1.7858075758027563,1.6209186909149873
0.418,1.7894946228318303,1.7408255963303516,1.789494604869552,1.6242652857045343
0.419,1.7931444378691548,1.7443761443753818,1.7931444171105402,1.6275781000076592
0.42,1.7967567779199989,1.747890236234819,1.7967567539447038,1.630856899118893
0.421,1.8003313867534527,1.7513676225873387,1.8003313590803351,1.6341014504106977
0.422,1.8038680104666147,1.754808056368105,1.8038679785453007,1.6373115233609365
0.423,1.8073663975157388,1.7582112927979905,1.8073663607170782,1.6404868895801374
0.424,1.8108262987472834,1.761577089412569,1.810826256352559,1.6436273228385443
0.425,1.8142474674288893,1.7649052060908728,1.8142474186176103,1.646732599092948
0.426,1.817629659280277,1.7681954050839135,1.8176296031163939,1.6498024965132991
0.427,1.8209726325040927,1.771447451042961,1.820972567920434,1.6528367955090926
0.428,1.8242761478167098,1.7746611110475745,1.8242760735974324,1.6558352787555213
0.429,1.8275399684790232,1.77783615463338,1.8275398832398246,1.6587977312193944
0.43,1.8307638603272405,1.7809723538195956,1.830763762493071,1.6617239401848203
0.431,1.8339475918036992,1.7840694831362895,1.833947479583681,1.6646136952786375
0.432,1.8370909339877464,1.7871273196513782,1.8370908053469628,1.6674667884956074
0.433,1.8401936606267022,1.7901456429973512,1.840193513254497,1.6702830142233482
0.434,1.8432555481669521,1.7931242353977215,1.8432553794413267,1.673062169267014
0.435,1.846276375785206,1.7960628816931983,1.8462761827328587,1.6758040528737166
0.436,1.8492559254199425,1.7989613693675728,1.8492557046714795,1.6785084667566768
0.437,1.852193981803136,1.8018194885733216,1.8521937295428665,1.6811752151191142
0.438,1.8550903324922783,1.804637032156912,1.8550900444020084,1.6838041046778562
0.439,1.8579447679027572,1.8074137956838146,1.857944439098911,1.6863949446866802
0.44,1.860757081340689,1.8101495774632137,1.8607567063040027,1.6889475469593644
0.441,1.863527069036241,1.8128441785724134,1.8635266415332208,1.6914617258924631
0.442,1.8662545301775173,1.815497402880936,1.8662540431727823,1.6939372984877905
0.443,1.8689392669451539,1.8181090570743017,1.8689387125036336,1.6963740843746071
0.444,1.871581084547635,1.8206789506774994,1.8715804537255714,1.6987719058315212
0.445,1.874179791257482,1.82320689607813,1.8741790739810371,1.701130587808081
0.446,1.8767351984484253,1.8256927085492274,1.8767343833785732,1.7034499579460682
0.447,1.879247120633655,1.8281362062717499,1.8792461950159467,1.7057298466004835
0.448,1.8817153755053173,1.8305372103567392,1.8817143250029233,1.70797008686022
0.449,1.8841397839753553,1.8328955448671407,1.884138592483703,1.710170514568427
0.45,1.886520170217892,1.835211036839289,1.8865188196590008,1.7123309683425516
0.451,1.8888563617133094,1.8374835163040417,1.8888548318077758,1.7144512895940602
0.452,1.8911481892941735,1.8397128163075727,1.891146457308603,1.7165313225478407
0.453,1.8933954871932683,1.8418987729318088,1.8933935276606837,1.7185709142612677
0.454,1.895598093093872,1.8440412253145166,1.8955958775044919,1.720569914642947
0.455,1.8977558481825796,1.8461400156690273,1.8977533446420516,1.7225281764711178
0.456,1.8998685972048353,1.8481949893036025,1.899865770056844,1.7244455554117233
0.457,1.9019361885235264,1.8502059946404337,1.9019329979333388,1.7263219100361376
0.458,1.9039584741808349,1.852172883234275,1.903954875676146,1.7281571018385502
0.459,1.9059353099637166,1.8540955097907035,1.9059312539287894,1.7299509952530039
0.46,1.9078665554732839,1.8559737321840053,1.9078619865920918,1.731703457670085
0.461,1.909752074198455,1.8578074114746852,1.9097469308421744,1.7334143594532574
0.462,1.911591733594248,1.8595964119265955,1.9115859471480632,1.7350835739548471
0.463,1.9133854051650805,1.8613406010236788,1.9133788992889036,1.7367109775316631
0.464,1.9151329645535151,1.8630398494863294,1.9151256543707753,1.738296449560263
0.465,1.9168342916348764,1.8646940312873597,1.9168260828431092,1.7398398724518511
0.466,1.918489270618223,1.86630302366758,1.918480058514701,1.741341131666814
0.467,1.9200977901541427,1.8678667071509796,1.9200874585693177,1.7428001157288855
0.468,1.9216597434499094,1.8693849655595136,1.921648163580898,1.7442167162389444
0.46900000000000003,1.9231750283925544,1.8708576860274881,1.9231620575283406,1.7455908278884353
0.47000000000000003,1.9246435476804171,1.8722847590155427,1.9246290278098788,1.7469223484724155
0.47100000000000003,1.9260652089637826,1.87366607832423,1.9260489652570398,1.748211178902224
0.47200000000000003,1.9274399249952614,1.875001541107186,1.927421764148186,1.749457223217773
0.47300000000000003,1.9287676137905474,1.8762910478838941,1.928747322221633,1.7506603885994538
0.47400000000000003,1.9300481988002898,1.8775345025520334,1.9300255406883493,1.7518205853796598
0.47500000000000003,1.9312816090937566,1.878731812399416,1.931256324244226,1.7529377270539261
0.47600000000000003,1.9324677795550855,1.8798828881155083,1.932439581081923,1.7540117302916762
0.47700000000000004,1.9336066510928742,1.8809876438025337,1.9335752229022851,1.7550425149465838
0.47800000000000004,1.9346981708639637,1.8820459969861563,1.9346631649253239,1.756030004066539
0.47900000000000004,1.9357422925121819,1.8830578686257402,1.9357033259007714,1.756974123903225
0.48,1.936738976422977,1.8840231831241916,1.9366956281181966,1.7578748039212941
0.481,1.9376881899947997,1.884941868337367,1.937639997416684,1.7587319768071545
0.482,1.9385899079281201,1.8858138555830644,1.938536363194077,1.7595455784773504
0.483,1.939444112533059,1.8866390796495769,1.9393846584157814,1.7603155480865518
0.484,1.940250794056496,1.8874174788038232,1.940184819623124,1.7610418280351332
0.485,1.9410099510297056,1.8881489947990437,1.9409367869412744,1.7617243639763593
0.486,1.9417215906374106,1.8888335728820642,1.9416405040867186,1.7623631048231607
0.487,1.9423857291092474,1.8894711618001276,1.9422959183742927,1.7629580027545066
0.488,1.943002392134624,1.8900617138072864,1.942902980723765,1.7635090132213735
0.489,1.9435716153019302,1.8906051846703658,1.9434616456659772,1.7640160949523036
0.49,1.9440934445630622,1.8911015336744816,1.9439718713485332,1.764479209958558
0.491,1.9445679367241961,1.891550723628126,1.9444336195410439,1.7648983235388596
0.492,1.9449951599637136,1.8919527208678117,1.944846855639921,1.7652734042837268
0.493,1.9453751943782265,1.892307495262277,1.9452115486727215,1.765604424079398
0.494,1.9457081325574903,1.8926150202162486,1.9455276713020435,1.7658913581113405
0.495,1.9459940801890498,1.8928752726737654,1.9457951998289729,1.7661341848673542
0.496,1.9462331566933475,1.8930882331210606,1.9460141141960785,1.766332886140259
0.497,1.9464254958900074,1.893253885588997,1.9461843979899598,1.7664874470301686
0.498,1.9465712466958818,1.8933722176550662,1.9463060384433422,1.766597855946355
0.499,1.94667057385542,1.8934432204449387,1.9463790264367278,1.7666641046086955
0.5,1.9467236587037446,1.8934668886335753,1.9464033564995944,1.7666861880487097
0.501,1.9467306999627896,1.8934432204458898,1.9463790268111487,1.7666641046101785
0.502,1.946691914570723,1.8933722176569754,1.9463060392006342,1.7665978559493547
0.503,1.9466075385446384,1.893253885591877,1.94618439914719,1.7664874470347527
0.504,1.9464778278765482,1.8930882331249317,1.9460141157792727,1.7663328861465306
0.505,1.9463030594623068,1.8928752726786537,1.9457952018736315,1.7661341848754537
0.506,1.9460835320631595,1.892615020222188,1.9455276738538465,1.7658913581214486
0.507,1.9458195672992131,1.8923074952693077,1.9452115517884287,1.7656044240917401
0.508,1.9455115106740701,1.8919527208759812,1.9448468593884876,1.7652734042985758
0.509,1.9451597326295496,1.891550723637489,1.9444336240049667,1.7648983235565423
0.51,1.9447646296292043,1.8911015336851011,1.943971876625453,1.7644792099794613
0.511,1.944326625269172,1.890605184682311,1.943461651870562,1.7640160949768815
0.512,1.9438461714144333,1.8900617138206366,1.9429029879899056,1.7635090132501565
0.513,1.9433237493585236,1.8894711618149689,1.9422959268576458,1.7629580027881118
0.514,1.9427598710042102,1.8888335728984917,1.9416405139676414,1.7623631048623016
0.515,1.9421550800624878,1.8881489948171617,1.9409367984281953,1.7617243640218623
0.516,1.9415099532668338,1.8874174788237452,1.9401848329564042,1.76104182808795
0.517,1.9408251015993843,1.8866390796714263,1.9393846738721277,1.7603155481477786
0.518,1.9401011715252334,1.8858138556069752,1.938536381091574,1.7595455785482474
0.519,1.9393388462308527,1.8849418683634833,1.9376400181205269,1.7587319768891683
0.52,1.9385388468620812,1.8840231831526684,1.9366956520472087,1.7578748040160839
0.521,1.9377019337568542,1.8830578686567452,1.9357033535348047,1.7569741240126913
0.522,1.9368289076674057,1.882045997019868,1.9346631968136538,1.7560300041928578
0.523,1.9359206109662948,1.8809876438391444,1.9335752596731266,1.7550425150922433
0.524,1.9349779288301627,1.8798828881552232,1.9324396234532002,1.7540117304595209
0.525,1.934001790394769,1.8787318124424537,1.931256373035755,1.7529377272472033
0.526,1.9329931698743938,1.8775345025986274,1.9300255968356077,1.7518205856020752
0.527,1.9319530876383317,1.876291047934294,1.9287473867913052,1.750660388855233
0.528,1.9308826112367454,1.8750015411616552,1.9274218383557042,1.7494572235117303
0.529,1.9297828563677955,1.8736660783830492,1.9260490504863599,1.7482111792398416
0.53,1.9286549877775756,1.8722847590790104,1.9246291256357548,1.7469223488599313
0.531,1.9275002200839533,1.8708576860959198,1.923162169741401,1.745590828332943
0.532,1.926319818515097,1.869384965633244,1.9216482922158473,1.7442167167485043
0.533,1.9251150995531925,1.8678667072303619,1.9200876059366347,1.7428001163126494
0.534,1.9238874314733783,1.8663030237529876,1.9184802272362376,1.7413411323351673
0.535,1.9226382347677973,1.864694031379188,1.9168262758920362,1.739839873216573
0.536,1.921368982444344,1.8630398495849938,1.9151258751163815,1.7382964504346994
0.537,1.92008120018941,1.8613406011296179,1.9133791515467913,1.736710978530929
0.538,1.9187764663838502,1.85959641204027,1.9115862352363493,1.7350835750960467
0.539,1.9174564119611661,1.8578074115965808,1.909747259644373,1.7334143607557364
0.54,1.9161227200968332,1.8559737323146317,1.907862361627415,1.7317034591557063
0.541,1.9147771257176396,1.8540955099305958,1.9059316814306826,1.7299509969464606
0.542,1.9134214148199515,1.852172883383995,1.9039553626799572,1.7281571037677108
0.543,1.9120574235858574,1.8502059948005687,1.9019335523741088,1.7263219122324354
0.544,1.9106870372861962,1.848194989474769,1.899866400878305,1.7244455579105868
0.545,1.9093121889598474,1.846140015851868,1.8977540619180222,1.7225281793124518
0.546,1.9079348578587472,1.844041225509705,1.8955966925739811,1.7205699178716691
0.547,1.9065570676484758,1.8418987731400478,1.8933944532781313,1.718570917927902
0.548,1.905180884354751,1.8397128165295937,1.8911475078108277,1.716531326709179
0.549,1.9038084140465674,1.837483516540609,1.8888560232993443,1.7144512943138976
0.55,1.9024418002472556,1.8352110370911965,1.886520170217893,1.7123309736925
0.551,1.9010832210655155,1.8328955451352151,1.88414012238932,1.7101705206288191
0.552,1.8997348860390868,1.8305372106418383,1.881716056988664,1.7079700937211086
0.553,1.898399032684603,1.828136206574766,1.8792481545487922,1.7057298543627515
0.554,1.8970779227480519,1.8256927088710841,1.876736598968317,1.7034499667226504
0.555,1.8957738381513118,1.8232068964197845,1.8741815775220387,1.70113059772532
0.556,1.8944890766312328,1.8206789510399426,1.8715832808741657,1.6987719170306619
0.557,1.8932259470689483,1.8181090574585583,1.8689419030945713,1.6963740970134464
0.558,1.8919867645083814,1.8154974032880637,1.8662576416783947,1.6939373127424964
0.559,1.890773844864153,1.8128441790035041,1.8635306975692738,1.6914617419595779
0.56,1.8895894993205948,1.8101495779193917,1.860761275186559,1.6889475650580097
0.561,1.888436028425036,1.807413796166238,1.8579495824568397,1.6863949650609862
0.562,1.8873157158800515,1.8046370326667722,1.8550958308501777,1.6838041275996258
0.5630000000000001,1.8862308220410704,1.8018194891118424,1.8522002354214275,1.6811752408907525
0.5640000000000001,1.8851835771273242,1.7989613699360094,1.8492630148570761,1.6785084957144045
0.5650000000000001,1.884176174156001,1.796062882292837,1.8462843915280476,1.6758040853910925
0.5660000000000001,1.8832107616111184,1.793124236029881,1.8432645915489407,1.6730622057587967
0.5670000000000001,1.882289435860577,1.7901456436633778,1.8402038448442104,1.6702830551497179
0.5680000000000001,1.8814142333366755,1.787127320352648,1.8371023852218096,1.6674668343667902
0.5690000000000001,1.880587122497267,1.7840694838742062,1.833960450454856,1.6646137466599533
0.5700000000000001,1.8798099955866812,1.7809723545955893,1.8307782823719059,1.6617239977021967
0.5710000000000001,1.8790846602173557,1.777836155448905,1.8275561269564489,1.6587977955653836
0.5720000000000001,1.8784128307951833,1.774661111904109,1.8242942344562685,1.6558353506958565
0.5730000000000001,1.8777961198132957,1.7714474519420054,1.820992859503339,1.6528368758898333
0.5740000000000001,1.877236029040996,1.7681954060269875,1.8176522612449653,1.6498025862686014
0.5750000000000001,1.8767339406363164,1.764905207079515,1.8142727034868966,1.6467326992535185
0.5760000000000001,1.8762911082124112,1.7615770904483337,1.8108544548491716,1.6436274345408228
0.577,1.875908647889795,1.7582112938824461,1.807397788935492,1.6404870140762648
0.578,1.8755875293678899,1.7548080575028302,1.8039029845169312,1.6373116620295634
0.579,1.8753285670510564,1.751367623773922,1.8003703257308366,1.6341016047687018
0.58,1.875132411265516,1.7478902374748557,1.7968001022957765,1.6308570708340615
0.581,1.8749995396050068,1.7443761456704692,1.7931926097434396,1.627578290912408
0.582,1.8749302484440997,1.7408255976820892,1.78954814966839,1.6242654978107378
0.583,1.8749246446591696,1.7372388450580836,1.7858670299966164,1.6209189264299875
0.584,1.8749826375977692,1.7336161415442017,1.7821495652738202,1.6175388137386244
0.585,1.875103931338027,1.7299577430536994,1.7783960769744067,1.6141253987461144
0.586,1.8752880172799746,1.7262639076372521,1.7746068938321504,1.6106789224762847
0.587,1.8755341671112238,1.7225348954526691,1.7707823521935124,1.6071996279405893
0.588,1.8758414261893552,1.7187709687344082,1.7669227963945806,1.603687760111279
0.589,1.87620860738342,1.7149723917628907,1.7630285791626181,1.60014356589449
0.59,1.8766342854165332,1.7111394308336367,1.7591000620431734,1.5965672941032614
0.591,1.8771167917510139,1.7072723542262074,1.7551376158537055,1.5929591954304834
0.592,1.8776542100568163,1.7033714321729783,1.7511416211646482,1.589319522421789
0.593,1.8782443723028532,1.6994369368277287,1.7471124688088093,1.5856485294483988
0.594,1.8788848555096505,1.6954691422340722,1.7430505604199669,1.581946472679921
0.595,1.8795729792002251,1.6914683242937159,1.7389563090014692,1.578213610057124
0.596,1.8803058035843545,1.6874347607345666,1.734830139525602,1.5744502012646773
0.597,1.8810801285093801,1.6833687310786807,1.7306724895644172,1.5706565077038785
0.598,1.881892493208478,1.6792705166100694,1.7264838099526334,1.5668327924653718
0.599,1.8827391768749084,1.6751404003423578,1.722264565483153,1.562979320301858
0.6,1.8836162000879433,1.6709786669863065,1.7180152356356264,1.5590963576008119
0.601,1.8845193271133767,1.666785602917206,1.713736315338389,1.5551841723572066
0.602,1.8854440690983376,1.6625614961421349,1.7094283157639825,1.5512430341462518
0.603,1.8863856881767436,1.6583066362671055,1.7050917651583242,1.5472732140961565
0.604,1.8873392024983082,1.6764493174769433,1.7007272097034578,1.5432749848609113
0.605,1.8882993921902564,1.6996352739041318,1.6963352144136328,1.5392486205931017
0.606,1.8892608062569862,1.7231015998058792,1.6919163640643067,1.5351943969167532
0.607,1.890217770419066,1.74667873589569,1.6874712641534577,1.5311125909002088
0.608,1.8911643958886513,1.7703348396473577,1.6830005418943919,1.5270034810290425
0.609,1.8920945890743017,1.7940399182145264,1.6785048472390076,1.522867347179015
0.61,1.8930020622038053,1.817894572425915,1.6739848539302429,1.518704470589054
0.611,1.8938803448492252,1.8417385927962995,1.6694412605821747,1.514515133834283
0.612,1.8947227963340307,1.8655362372467221,1.6648747917859739,1.510299620799073
0.613,1.895522618997671,1.889254016717931,1.66028619923963,1.5060582166501302
0.614,1.8962728722885687,1.9128577607912363,1.6556762628990667,1.5017912078096043
0.615,1.8969664876521581,1.9364157860107856,1.6510457921479451,1.4974988819282176
0.616,1.8975962841762004,1.9598037389165632,1.646395626983137,1.493181527858409
0.617,1.8981549849514099,1.9829710139854029,1.641726639212488,1.4888394356274783
0.618,1.89863523410138,2.0058813072772965,1.6370397336611568,1.4844728964107228
0.619,1.8990296144316483,2.0284980189236497,1.6323358493824296,1.4800822025045626
0.62,1.8993306656441415,2.050784339793831,1.627615960868544,1.4756676472996277
0.621,1.8995309030594332,2.072703340574061,1.6228810792566617,1.4712295252538083
0.622,1.8996228367859735,2.0943060544864913,1.618132253524736,1.4667681318652344
0.623,1.8995989912722187,2.1154739508635907,1.613370571671614,1.462283763645188
0.624,1.8994519251747115,2.136162403657308,1.6085971618753137,1.4577767180909085
0.625,1.8991742514725294,2.1563348043724444,1.6038131936229945,1.4532472936582859
0.626,1.8987586577562363,2.1759548964915596,1.5990198788057384,1.4486957897344073
0.627,1.8981979266174382,2.194986872807649,1.5942184727708468,1.4441225066099437
0.628,1.8974849560633955,2.2133954728762997,1.5894102753239527,1.439527745451343
0.629,1.8966127798799284,2.2311460802211136,1.58459663167285,1.4349118082728034
0.63,1.8955745878647392,2.2482048189217188,1.5797789333045553,1.430274997908004
0.631,1.8943637458529523,2.264538649211057,1.5749586187867448,1.4256176179815532
0.632,1.89297381545628,2.2801154617078256,1.5701371744843424,1.4209399728801306
0.633,1.8913985734376118,2.294963313936079,1.5653161351817064,1.416242367723286
0.634,1.889632030643352,2.308994631236089,1.5604970846005428,1.4115251083338596
0.635,1.887668450416897,2.3221768017792455,1.5556816558033737,1.4067885012079924
0.636,1.8855023664180077,2.3344822609957916,1.5508715314721555,1.4020328534846833
0.637,1.8831285997747143,2.345884816328955,1.5460684440513872,1.3972584729148643
0.638,1.8805422754964851,2.3563597258346203,1.5412741757448876,1.392465667829946
0.639,1.87773883808009,2.3658837729219226,1.5364905583552622,1.3876547471097989
0.64,1.8747140662424073,2.3744353369207336,1.5317194729549897,1.3828260201501366
0.641,1.8714640867178038,2.3819944591777955,1.526962849378012,1.3779797968292484
0.642,1.8679853870613297,2.3885429044006035,1.522222665520705,1.3731163874740535
0.643,1.8642748274028955,2.3940642169870596,1.5175009464411977,1.368236102825433
0.644,1.8603296511019105,2.398543772099286,1.512799763246104,1.3633392540027987
0.645,1.8561474942563598,2.401968821261625,1.5081212317539507,1.358426152467864
0.646,1.851726394025076,2.4043285322857857,1.5034675109248237,1.3534971099875808
0.647,1.8470647957270465,2.4056140233500676,1.498840801046105,1.3485524385961987
0.648,1.8421615586867144,2.405818391084554,1.494243341664573,1.343592450556424
0.649,1.837015960799744,2.404936732539942,1.489677409255623,1.3386174583196362
0.65,1.8316277017991447,2.4029661609441466,1.4851453146209423,1.3336277744851353
0.651,1.825996905207389,2.3999058151778265,1.4806494000066146,1.3286237117583952
0.652,1.8201241189658401,2.3957568629273465,1.4761920359343614,1.3236055829082949
0.653,1.814010314738573,2.3905224975013395,1.4717756177394672,1.3185737007233047
0.654,1.8076568858935549,2.38420792832472,1.4674025618098048,1.3135283779666147
0.655,1.8010656441697626,2.376820365151617,1.463075301521417,1.3084699273301865
0.656,1.7942388150447663,2.368368996066096,1.4587962828671492,1.303398661387722
0.657,1.7871790318227627,2.358864959366537,1.4545679597760173,1.298314892546539
0.658,1.7798893284686566,2.348321309455998,1.4503927891222386,1.293218932998361
0.659,1.772373131219247,2.336752976886688,1.4462732254241886,1.2881110946690186
0.66,1.7646342490076574,2.3241767227316035,1.442211715234948,1.2829916891670765
0.661,1.7566768627422822,2.310611087480397,1.4382106912276136,1.2778610277314022
0.662,1.7485055134862661,2.2960763346794355,1.434272565980082,1.2727194211776989
0.663,1.740125089588071,2.2805943895576695,1.4303997254656706,1.2675671798440313
0.664,1.7315408128179497,2.264188772900302,1.4265945222576084,1.2624046135353768
0.665,1.722758223569087,2.2468845304511493,1.4228592684571835,1.2572320314672534
0.666,1.7137831651858362,2.228708158141949,1.4191962283571424,1.2520497422084609
0.667,1.704621767484733,2.2096875234626494,1.4156076108537508,1.2468588022904252
0.668,1.6952804295369313,2.1898517833007567,1.412095561622809,1.2416589508171414
0.669,1.685765801783325,2.1692312985901285,1.408662155076815,1.236450347926168
0.67,1.6760847675556871,2.1478575461201026,1.4053093861223602,1.2312332996539441
0.671,1.6662444240791379,2.125763027864474,1.4020391617387715,1.226008111059107
0.672,1.65625206303252,2.102981178196608,1.3988532924009118,1.2207750861580944
0.673,1.6461151507443523,2.079546269361842,1.3957534833709433,1.215534527860364
0.674,1.6358413081026617,2.0554933155812805,1.3927413258857189,1.2156097686993794
0.675,1.6254382902571356,2.030857976162166,1.3898182882682735,1.222522880879177
0.676,1.6149139661919898,2.0056764579891935,1.3869857069936722,1.2300288998480755
0.677,1.604276298247272,1.9799854177684952,1.384244777741141,1.2381175923049548
0.678,1.5935333216654823,1.9538218643915397,1.3815965464660445,1.2467663834469185
0.679,1.5826931242390136,1.9272230617800041,1.3790419005267804,1.2559665152702553
0.68,1.5717638261323277,1.900226432564761,1.3765815599030846,1.2657102435715955
0.681,1.5607535599507794,1.8728991434681102,1.3742160685435338,1.2760181618023259
0.682,1.5496704511255885,1.8452730820275942,1.3719457858811905,1.286852513371797
0.683,1.5385225986820426,1.8173622499209732,1.369770878557354,1.2981946521483039
0.684,1.5273180564548876,1.7892036669102467,1.3676913123942427,1.3100656623551488
0.685,1.516064814811857,1.7608340548178292,1.3657068446581109,1.3224595087191309
0.686,1.5047707829428216,1.7322897532276715,1.3638170166548134,1.3353178678330442
0.687,1.4934437717684315,1.703606638137925,1.3620211467001502,1.3487257498660223
0.6880000000000001,1.4820914775183132,1.6748200438037368,1.3603183235074199,1.362558336877476
0.6890000000000001,1.4707214660249157,1.645964687989829,1.358707400034523,1.3769286621451688
0.6900000000000001,1.459341157774959,1.6170746008328827,1.3571869878326246,1.3917122544206004
0.6910000000000001,1.4479578137562386,1.5881830574935751,1.355755451937841,1.4069789137221886
0.6920000000000001,1.436578522133197,1.5593649644786136,1.3544109063466374,1.4226796389858958
0.6930000000000001,1.4252101857802906,1.5306399310222047,1.3531512101145946,1.4387615943553484
0.6940000000000001,1.4138595106977763,1.5020077944292582,1.35197396411695,1.4553345062818457
0.6950000000000001,1.4025329953300987,1.4734981169503785,1.3508765085078105,1.472264580991129
0.6960000000000001,1.3912369208026378,1.4451394343342423,1.3498559209131917,1.4895378627815743
0.6970000000000001,1.3799773420882477,1.41695921397146,1.3489090153910377,1.507242826260628
0.6980000000000001,1.3687600801105837,1.3889838174870686,1.3480323421891587,1.525274575425996
0.6990000000000001,1.3575907147871669,1.361291283248178,1.3472221883295465,1.5436021337298513
0.7000000000000001,1.346474579010785,1.3338837733871294,1.346474579044835,1.5622163303338492
0.7010000000000001,1.33541675356402,1.3067521075905788,1.3457852800897565,1.58118695704807
0.7020000000000001,1.3244220629577315,1.2799178529766722,1.3451498009473113,1.6003950061080525
0.7030000000000001,1.313495072180607,1.2534013553531687,1.3445633989460268,1.6198183658667402
0.704,1.3026400843434287,1.2272700568642816,1.344021084301171,1.6394338351817017
0.705,1.291861139198381,1.2015364322149638,1.343517626089068,1.6592472048620381
0.706,1.2811620125104624,1.1761724547167332,1.3430475591598183,1.6792708050154266
0.707,1.2705462162553358,1.151193444705202,1.3426051919897102,1.6994110523979546
0.708,1.2600169996150752,1.1266645758426845,1.3421846154704857,1.7196405997956372
0.709,1.2495773507409507,1.102593300735008,1.3417797126283943,1.7399311816831866
0.71,1.2392299992500455,1.091070673124146,1.3413841692616368,1.7602536616042472
0.711,1.2289774194205643,1.085343995184865,1.340991485480447,1.7805780835645566
0.712,1.2188218340489847,1.0796203838843001,1.3405949881296166,1.800952187252173
0.713,1.2087652189305746,1.0739001084728272,1.3401878440688613,1.8212710781355461
0.714,1.1988093079236966,1.0681834365280485,1.3397630742819904,1.8414974214057802
0.715,1.1889555985571445,1.0624706339369712,1.3393135687814712,1.8615984803835437
0.716,1.1792053581391182,1.0567619648784874,1.3388321022706535,1.881541010764391
0.717,1.1695596303257891,1.0510576918061647,1.3383113505216884,1.901291333724634
0.718,1.1600192421071174,1.0453580754313403,1.3377439074230582,1.9208154120122243
0.719,1.1505848111675352,1.0396633747065265,1.3371223026466623,1.9400789287994287
0.72,1.1412567535791078,1.0339738468091237,1.336439019880581,1.9590473690570187
0.721,1.132035291785224,1.0282897471254417,1.3356865155700341,1.9777203208241958
0.722,1.1229204628332674,1.0226113292350365,1.3348572381056376,1.9960584365108953
0.723,1.1139121268154804,1.016938844895351,1.3339436473949011,2.0139966889630125
0.724,1.1050099754780436,1.0112725440266752,1.3329382347500078,2.0315005487406386
0.725,1.0962135409594334,1.0056126746974126,1.3318335430222983,2.0485357239414586
0.726,1.0875222046202688,0.9999594831096608,1.3306221869115678,2.065068251026779
0.727,1.0789352059281765,0.9943132135851096,1.32929687337629,2.0810645860974275
0.728,1.0704516513625784,0.9886741085512444,1.327850422069233,2.0964916962819125
0.729,1.0620705233058825,0.9830424085278726,1.326275785721628,2.11131715089343
0.73,1.0537906888890896,0.9774183521139561,1.3245660703981184,2.125509212008131
0.731,1.0456109087616483,0.971802175974763,1.3227145555441706,2.139036924114578
0.732,1.0375298457570092,0.9661941148293317,1.3207147137474426,2.151870202483571
0.733,1.0295460734272739,0.9605944014382501,1.3185602301348476,2.163979919908517
0.734,1.021658084422105,0.9550032665917491,1.3162450213276555,2.1753379914692914
0.735,1.0138642986889932,0.9494209390981099,1.3137632538780013,2.185917456977079
0.736,1.0061630714739098,0.9438476457723867,1.31110936211158,2.195692560764023
0.737,0.9985527011031821,0.9382836114254431,1.308278065303117,2.204638828489561
0.738,0.9910314365295003,0.9327290588533026,1.3052643841134,2.212733140645177
0.739,0.9835974846266817,0.9271842088268114,1.3020636562192243,2.2199621498843833
0.74,0.9762490172198476,0.9216492800816186,1.298671551070561,2.226319523656959
0.741,0.9689841778393709,0.9161244893084642,1.295084083712537,2.2317629267306605
0.742,0.9618010881888601,0.9106100511437845,1.2912976276134616,2.236275290040438
0.743,0.9546978543191167,0.9051061781606268,1.2873089264440898,2.2398412097161597
0.744,0.9476725725017026,0.8996130808598761,1.2831151047575653,2.2424469949241685
0.745,0.9407233347974499,0.8941309676617948,1.2787136775240238,2.2440807105806617
0.746,0.9338482343166996,0.8886600448978708,1.2741025584786287,2.2447322147523314
0.747,0.9270453701696271,0.8832005168029768,1.2692800672468312,2.2443931905822097
0.748,0.9203128521064046,0.8777525855078386,1.2642449352158613,2.2430571726019655
0.749,0.9136488048482542,0.8723164510318097,1.2589963101268586,2.240719567316117
0.75,0.9070513721117401,0.866892311275957,1.2535337593675855,2.23737766796835
0.751,0.9005187203297678,0.8614803620164516,1.2478572719513095,2.2330306634254673
0.752,0.894049042073879,0.8560807968982636,1.2419672591731834,2.2276796411401225
0.753,0.8876405591834117,0.8506938074291647,1.23586455394122,2.221327584179356
0.754,0.8812915256079689,0.8453195829740323,1.2295504087847582,2.213979362331918
0.755,0.8750002299705241,0.8399583107494586,1.2230264925491006,2.2056417173332115
0.756,0.8687649978591531,0.8346101758186587,1.216294885790723,2.196323242272347
0.757,0.8625841938560943,0.8292753610866823,1.2093580748931152,2.1860343552710986
0.758,0.8564562233133776,0.8239540472959206,1.202218944928847,2.17478726754931
0.759,0.8503795338847202,0.8186464130219168,1.1948807712988432,2.1625959460154998
0.76,0.8443526168238762,0.8133526346694685,1.187347210185075,2.1494760705447025
0.761,0.8383740080598765,0.8080728864690279,1.1796222878579008,2.135444986128146
0.762,0.8324422890598895,0.8028073404733956,1.1717103888840654,2.120521650100723
0.763,0.8265560874906634,0.797556166554709,1.1636162432859154,2.1047265746725796
0.764,0.8207140776895491,0.7923195324017168,1.155344912706641,2.0880817650101577
0.765,0.8149149809562649,0.7870976035173505,1.146901775640306,2.0706106531297737
0.766,0.8091575656764948,0.7818905432165782,1.1382925117890703,2.0523380278830494
0.767,0.8034406472884166,0.7766985126245486,1.1295230856133056,2.033289961328315
0.768,0.7977630881031232,0.7715216706750174,1.1205997291432346,2.013493731795222
0.769,0.7921237969897833,0.7663601741090597,1.1115289241233222,1.9929777439613734
0.77,0.7865217289361655,0.7612141774740631,1.1023173835628117,1.9717714462695737
0.771,0.7809558844949953,0.7560838331229993,1.0929720327676389,1.9499052460224167
0.772,0.7754253091262532,0.7509692912139773,1.0834999899303432,1.9274104224972404
0.773,0.7699290924453455,0.7458706997100695,1.0739085463556364,1.9043190384290505
0.774,0.7644663673866554,0.7407882043794146,1.064205146399888,1.8806638502117827
0.775,0.7590363092917499,0.7357219487955928,1.0543973672030282,1.8564782171692762
0.776,0.7536381349310582,0.7306720743382715,1.0444928982911894,1.8317960102465634
0.777,0.7482711014675409,0.7256387201941196,1.0344995211278512,1.8066515204696163
0.778,0.7429345053704384,0.7206220233579899,1.0244250886903343,1.7810793675174963
0.779,0.7376276812867976,0.7156221186343654,1.0142775051471649,1.755114408745039
0.78,0.7323500008780893,0.7106391386390686,1.0040647057102072,1.7287916489868156
0.781,0.7271008716287951,0.7056732138012312,0.9937946367334436,1.7021461514641836
0.782,0.721879735633433,0.7007244723655243,0.9834752361279835,1.675212950106882
0.783,0.7166860683681178,0.6957930403946424,0.9731144141602575,1.6480486682387865
0.784,0.711519377452293,0.6908790417720447,0.9627200346974516,1.6206690762367093
0.785,0.7063792014058913,0.6859825982049456,0.9522998969610746,1.593106209235271
0.786,0.7012651084068112,0.6811038292275573,0.9418617178461488,1.5653940929541719
0.787,0.6961766950531478,0.6762428522045806,0.931413114859887,1.537566317333176
0.788,0.6911135851343063,0.671399782334938,0.9209615897299231,1.5096559632564845
0.789,0.6860754284146996,0.6665747326557535,0.9105145127281669,1.4816955324745846
0.79,0.6810618994334232,0.6617678140465716,0.9000791077522584,1.4537168809111434
0.791,0.6760726963229153,0.6569791352338137,0.8896624382023427,1.4257511555235909
0.792,0.6711075396493313,0.6522088027954731,0.8792713936865847,1.3978287348667335
0.793,0.6661661712769823,0.6474569211660418,0.8689126775844505,1.3699791734891476
0.794,0.6612483532589555,0.6427235926416689,0.8585927954923653,1.3422311502723605
0.795,0.6563538667557025,0.6380089173855481,0.8483180445719309,1.3146124208030214
0.796,0.6514825109831228,0.6333129934335309,0.8380945038164631,1.2871497738485305
0.797,0.6466341021914441,0.6286359166999652,0.8279280252472416,1.2598689919870276
0.798,0.6418084726758994,0.6239777809837528,0.8178242260465362,1.232794816423346
0.799,0.6370054698200671,0.6193386779746276,0.8077884816302497,1.20595091600362
0.8,0.6322249551724517,0.6147186972596502,0.7978259196588853,1.1793598604227822
0.801,0.6274668035567296,0.6101179263299136,0.7879414149815388,1.1530673780113796
0.802,0.6227309022159153,0.6055364505874633,0.7781395855037629,1.1270829750127929
0.803,0.618017149990515,0.6009743533524233,0.7684247889664426,1.10141172059277
0.804,0.6133254565306027,0.5964317158703298,0.7588011206193019,1.076071563622112
0.805,0.6086557415416244,0.5919086173196663,0.7492724117693208,1.0510792838862064
0.806,0.6040079340635836,0.5874051348196001,0.739842229181218,1.02645048938147
0.807,0.5993819717832034,0.5829213434379181,0.7305138753042264,1.0021996172959815
0.808,0.594777800378508,0.5784573161991551,0.7212903892966999,0.9783399385473772
0.809,0.5901953728952237,0.5740131240929154,0.7121745488176195,0.9548835657400817
0.81,0.5856346491543057,0.5695888360823862,0.703168872551837,0.9318514932150659
0.811,0.5810955951898271,0.5651845191130352,0.6942756234339041,0.9092767055418479
0.812,0.5765781827164232,0.5608002381214938,0.6854968125335916,0.887133616252577
0.8130000000000001,0.5720823886254438,0.5564360560446227,0.6768342035646898,0.8654298261869677
0.8140000000000001,0.5676081945089108,0.552092033828754,0.6682893179774319,0.8441718664876533
0.8150000000000001,0.5631555862103553,0.5477682304391117,0.6598634405938524,0.8233652236248531
0.8160000000000001,0.5587245534015923,0.543464702869405,0.6515576257446212,0.803014366650468
0.8170000000000001,0.5543150891844794,0.5391815061515893,0.6433727038653341,0.783162674394433
0.8180000000000001,0.5499271897166729,0.5349186933657996,0.6353092885099281,0.7637779883425528
0.8190000000000001,0.5455608538604115,0.5306763156504443,0.6273677837387859,0.7448552060680281
0.8200000000000001,0.5412160828533659,0.5264544222124646,0.6195483918391993,0.7263950353294697
0.8210000000000001,0.536892880000561,0.5222530603377504,0.6118511213361824,0.7084012003682707
0.8220000000000001,0.5325912503864376,0.5180722754017141,0.6042757952521223,0.6909130810469873
0.8230000000000001,0.5283112006060762,0.5139121108800179,0.5968220595744512,0.6738829851063216
0.8240000000000001,0.5240527385146919,0.5097726083594512,0.589489391891372,0.6573084480510812
0.8250000000000001,0.519815872994445,0.5056538075489572,0.5822771101566924,0.6412004726769643
0.8260000000000001,0.5156006137377133,0.5015557462908027,0.5751843815459823,0.6255757907872506
0.8270000000000001,0.5114069710459389,0.49747846057189243,0.5682102313675618,0.6103932928401633
0.8280000000000001,0.5072349556432172,0.49342198453522074,0.5613535519932467,0.5956558413077657
0.8290000000000001,0.5030845785038051,0.48938635049146106,0.5546131117752934,0.5813921498440096
0.8300000000000001,0.4989558506927665,0.48537158893068955,0.5479875639176099,0.5675519597941378
0.8310000000000001,0.4948487832189996,0.48137772853423727,0.5414754552709854,0.5541549092981252
0.8320000000000001,0.49076338689989757,0.4774047961866742,0.5350752350238601,0.5411916739783326
0.833,0.48669967223696814,0.47345281698791486,0.5287852632619756,0.5286409075354417
0.834,0.4826576493017173,0.46952181426544753,0.5226038193720958,0.5165222300314734
0.835,0.47863732763116407,0.465611809586685,0.5165291102668972,0.5047985519823985
0.836,0.47463871613238445,0.46172282277142895,0.5105592784100064,0.4934885839797935
0.837,0.47066182299547327,0.4578548719044505,0.504692409622102,0.4825670677527465
0.838,0.466706655614402,0.4540079733481798,0.4989265406508922,0.47202726133303957
0.839,0.4627732205152231,0.45018214175550614,0.49325966648967856,0.4618781967160257
0.84,0.4588615232911308,0.4463773900826814,0.48768974743108545,0.4520929735836179
0.841,0.45497156854390175,0.44259372960232757,0.4822147158443731,0.4426679713707812
0.842,0.45110335983127625,0.43883116991654364,0.4768324826665462,0.4335984777994838
0.843,0.4472568996198565,0.43508971897010856,0.47154094359921916,0.42488087857797735
0.844,0.44343218924311606,0.43136938306377987,0.4663379850048853,0.41650300212153607
0.845,0.4396292288641666,0.42767016686768267,0.46122148949787317,0.4084615174872057
0.846,0.43584801744291435,0.42399207343478806,0.45618934122682475,0.40074837594233637
0.847,0.4320885527072882,0.42033510421447656,0.4512394308470301,0.3933540708070079
0.848,0.4283508311282297,0.416699259066185,0.44636966018235247,0.3888718785754264
0.849,0.424634847898151,0.41308453627313424,0.44157794657782434,0.38549454911474396
0.85,0.4209405969126042,0.4094909325561333,0.436862226945233,0.3821371605129179
0.851,0.417268070754897,0.40591844308746033,0.4322204615051882,0.37879969941558306
0.852,0.41361726068343657,0.4023670615048134,0.4276506372302401,0.3754821511597749
0.853,0.4099881566215658,0.39883677992533195,0.42315077099461046,0.37218449980064866
0.854,0.40638074714970734,0.3953275889596856,0.41871891243700743,0.36890672813701225
0.855,0.4027950194996121,0.39183947772622574,0.4143531465438126,0.36564890319090804
0.856,0.39923095955055365,0.38837243386519915,0.41005159596066487,0.3624110801362976
0.857,0.3956885518272872,0.3849264435530199,0.4058124230411131,0.3591930623148312
0.858,0.3921677794996435,0.381501491516598,0.4016338316415823,0.35599482842321395
0.859,0.38866862438360605,0.37809756104772124,0.3975140686723774,0.35281635599551264
0.86,0.3851910669437483,0.3747146340174872,0.3934514254148628,0.3496576214217803
0.861,0.3817350862969112,0.37135269089078415,0.38944423861528843,0.3465185999658418
0.862,0.3783006602170161,0.3680117107408175,0.38549089136599185,0.3433992657822786
0.863,0.3748877651409071,0.36469167126367885,0.38158981378489965,0.34029959193265547
0.864,0.3714963761751357,0.3613925487929562,0.37773948350437875,0.3372195504010288
0.865,0.3681264671035977,0.35811431831438123,0.37393842598055194,0.33415911210877897
0.866,0.36477801039594765,0.3548569534805126,0.3701852146341981,0.33111824692880903
0.867,0.3614509772167237,0.35162042662545184,0.3664784708343144,0.32809692369914983
0.868,0.35814533743510374,0.34840470877959007,0.36281686373531274,0.32509511023601484
0.869,0.35486105963524645,0.3452097696843815,0.3591991099786882,0.3221127733463423
0.87,0.3515981111271556,0.3420355778071441,0.3556239732698045,0.31914987883986806
0.871,0.34835645795801723,0.3388821003558816,0.3520902638402189,0.31620639154076496
0.872,0.3451360649239638,0.3357493032941269,0.34859683780571393,0.3132822752988892
0.873,0.3419368955822245,0.33263715135580413,0.3451425964299101,0.3103774930006693
0.874,0.338758912263622,0.3295456080601049,0.34172648530301813,0.3074920065796725
0.875,0.33560207608537845,0.3264746357263797,0.3383474934449554,0.3046257770268862
0.876,0.33246634696420313,0.32342419548903956,0.3350046523416861,0.3017787644007432
0.877,0.3293516836296257,0.3203942473124662,0.3316970349232746,0.29895092783692484
0.878,0.32625804363755556,0.3173847500059293,0.3284237544917522,0.29614222555797176
0.879,0.3231853833840394,0.31439566123850726,0.32518396360649937,0.29335261488272946
0.88,0.3201336581191902,0.3114269375540105,0.32197685293444145,0.2905820522356568
0.881,0.31710282196127476,0.3084785343859037,0.31880165007194905,0.28783049315602166
0.882,0.31409282791093773,0.3055504060722261,0.3156576183449175,0.28509789230700827
0.883,0.31110362786554435,0.3026425058705064,0.31254405559309684,0.28238420348475707
0.884,0.3081351726336288,0.2997547859726713,0.30946029294433186,0.2796893796273587
0.885,0.3051874119494298,0.2968871975199443,0.30640569358397074,0.2770133728238199
0.886,0.3022602944875044,0.2940396906177338,0.3033796515243024,0.2743561343230191
0.887,0.2993537678774113,0.2912122143505075,0.3003815903785,0.2717176145426685
0.888,0.2964677787184401,0.28840471679665125,0.2974109621431614,0.26909776307829386
0.889,0.29360227259439337,0.2856171450433105,0.2944672459931797,0.26649652871224827
0.89,0.2907571940883969,0.2828494452012121,0.29154994709231197,0.2639138594227696
0.891,0.28793248679774863,0.2801015624194651,0.28865859542247807,0.26134970239309224
0.892,0.28512809334877076,0.2773734409003363,0.28579274463449034,0.2588040040206212
0.893,0.2823439554116908,0.27466502391400216,0.2829519709225993,0.256276709926177
0.894,0.2795800137155156,0.27197625381327173,0.28013587192494227,0.25376776496331804
0.895,0.2768362080629179,0.26930707204828114,0.2773440656516978,0.25127711322774515
0.896,0.2741124773451048,0.26665741918115565,0.2745761894424758,0.24880469806679203
0.897,0.27140875955668925,0.26402723490063934,0.2718318989542253,0.24635046208900688
0.898,0.2687249918105337,0.26141645803668945,0.2691108671807001,0.24391434717382576
0.899,0.26606111035258523,0.25882502657503326,0.2664127835042991,0.24149629448133952
0.9,0.2634170505766814,0.2562528776716868,0.2637373527808972,0.2390962444621564
0.901,0.26079274703932964,0.25369994766743326,0.2610842944580836,0.2367141368673584
0.902,0.2581881334744565,0.25116617210225767,0.25845334172705126,0.23434991075855205
0.903,0.2556031428081242,0.24865148572973944,0.25584424070821943,0.2320035045180118
0.904,0.2530377071732079,0.24615582253139792,0.2532567496705209,0.22967485585891476
0.905,0.2504917579240337,0.24367911573099074,0.25069063828415195,0.22736390183566246
0.906,0.24796522565097506,0.24122129780876342,0.2481456869064603,0.22507057885429047
0.907,0.2454580401950008,0.23878230051564767,0.24562168590054018,0.22279482268295842
0.908,0.24297013066217976,0.236362054887408,0.2431184349860031,0.22053656846252018
0.909,0.24050142543812922,0.23396049125873422,0.2406357426213099,0.21829575071716853
0.91,0.2380518522024168,0.23157753927727773,0.2381734254169732,0.21607230336515013
0.911,0.2356213379429031,0.22921312791763226,0.23573130757887775,0.2138661597295479
0.912,0.2332098089700305,0.2268671854952547,0.23330922038090707,0.21167725254912406
0.913,0.23081719093105163,0.22453963968032672,0.23090700166602346,0.209505513989221
0.914,0.22844340882419864,0.22223041751155473,0.22852449537490732,0.2073508756527134
0.915,0.2260883870127884,0.21993944540990673,0.22616155110123504,0.2052132685910082
0.916,0.22375204923926562,0.21766664919228532,0.22381802367265002,0.20309262331508612
0.917,0.22143431863917853,0.21541195408513517,0.22149377275646798,0.20098886980658107
0.918,0.21913511775508857,0.2131752847379822,0.2191886624891448,0.19890193752888952
0.919,0.21685436855040838,0.21095656523690606,0.2169025611285345,0.1968317554383088
0.92,0.21459199242317506,0.20875571911794216,0.214635340727965,0.1947782519951959
0.921,0.2123479102197434,0.20657266938041274,0.21238687683116125,0.19274135517514343
0.922,0.21012204224841383,0.20440733850018578,0.21015704818706102,0.19072099248016666
0.923,0.20791430829298024,0.20225964844286082,0.20794573648357584,0.18871709094989866
0.924,0.20572462762620283,0.20012952067687975,0.20575282609936946,0.18672957717278607
0.925,0.20355291902320738,0.19801687618656222,0.2035782038727441,0.1847583772972834
0.926,0.20139910077479872,0.1959216354850638,0.20142175888674538,0.18280341704303937
0.927,0.19926309070070167,0.19384371862725647,0.19928338226962114,0.18086462171207213
0.928,0.19714480616271698,0.1917830452225293,0.19716296700979538,0.17894191619992794
0.929,0.19504416407779498,0.1897395344475099,0.19506040778454126,0.17703522500682
0.93,0.19296108093102846,0.18771310505870353,0.19297560080156984,0.17514447224874266
0.931,0.19089547278855865,0.18570367540505067,0.19090844365277576,0.17326958166855747
0.932,0.18884725531039787,0.18371116344040123,0.18885883517941116,0.1714104766470473
0.933,0.1868163437631628,0.1817354867359041,0.1868266753479895,0.16956708021393446
0.934,0.1848026530327242,0.17977656249231175,0.18481186513624875,0.1677393150588593
0.935,0.18280609763676564,0.17783430755219887,0.18281430642853488,0.16592710354231682
0.936,0.18082659173725343,0.17590863841209384,0.18083390191999418,0.16413036770654676
0.937,0.1788640491528149,0.17399947123452172,0.1788705550289935,0.1623490292863744
0.9380000000000001,0.17691838337102989,0.17210672185996015,0.17692416981721593,0.1605830097200006
0.9390000000000001,0.17498950756062495,0.17023030581870346,0.17499465091690594,0.15883223015973508
0.9400000000000001,0.17307733458357782,0.16837013834263853,0.17308190346476943,0.1570966114826739
0.9410000000000001,0.17118177700712855,0.16652613437692793,0.17118583304205606,0.15537607430131561
0.9420000000000001,0.1693027471156925,0.16469820859160167,0.16930634562038172,0.15367053897411498
0.9430000000000001,0.16744015692268496,0.16288627539305742,0.16744334751287238,0.15197992561597265
0.9440000000000001,0.1655939181822421,0.16109024893546542,0.1655967453302338,0.15030415410865608
0.9450000000000001,0.16376394240085032,0.15931004313208097,0.1637664459413784,0.14864314411115262
0.9460000000000001,0.16195014084887838,0.1575455716664616,0.16195235643826034,0.1469968150699506
0.9470000000000001,0.16015242457200854,0.15579674800358942,0.16015438410459276,0.14536508622924765
0.9480000000000001,0.15837070440257095,0.15406348540089695,0.15837243638814222,0.14374787664108377
0.9490000000000001,0.15660489097078065,0.1523456969191968,0.1566064208763141,0.14214510517539783
0.9500000000000001,0.15485489471587094,0.1506432954335151,0.15485624527476372,0.1405566905300069
0.9510000000000001,0.15312062589713085,0.14895619364382573,0.15312181738878278,0.13898255124050427
0.9520000000000001,0.15140199460483672,0.14728430408568796,0.1514030451072309,0.13742260569007783
0.9530000000000001,0.14969891077108755,0.1456275391407848,0.14969983638879664,0.1358767721192455
0.9540000000000001,0.14801128418053608,0.1439858110473625,0.14801209925038716,0.13434496863550727
0.9550000000000001,0.146339024481017,0.14235903191057073,0.14633974175746195,0.13282711322291252
0.9560000000000001,0.14468204119407393,0.14074711371270265,0.14468267201613738,0.13132312375154154
0.9570000000000001,0.14304024372538254,0.13914996832333446,0.14304079816690338,0.12983291798690005
0.9580000000000001,0.14141354137507062,0.13756750750936494,0.14141402837980516,0.12835641359922648
0.9590000000000001,0.13980184334793375,0.1359996429449536,0.13980227085095293,0.12689352817271032
0.96,0.1382050587635471,0.1344462862213571,0.13820543380023537,0.1254441792146211
0.961,0.1366230966662726,0.13290734885666433,0.1366234254701191,0.12400828416434685
0.962,0.13505586603516173,0.13138274230542993,0.13505615412543107,0.12258576040234279
0.963,0.13350327579375196,0.1298723779682048,0.13350352805402182,0.12117652525898748
0.964,0.13196523481976025,0.12837616720096465,0.13196545556822298,0.11978049602334721
0.965,0.13044165195466748,0.1268940213244352,0.1304418450070144,0.11839758995184788
0.966,0.12893243601320045,0.12542585163331538,0.12893260473882684,0.11702772427685366
0.967,0.12743749579270533,0.12397156940539651,0.12743764316490935,0.11567081621515223
0.968,0.1259567400824169,0.12253108591057892,0.1259568687231997,0.11432678297634596
0.969,0.12449007767261992,0.12110431241978424,0.12449018989263826,0.11299554177114855
0.97,0.12303741736370467,0.11969116021376498,0.12303751519787413,0.11167700981958727
0.971,0.12159866797511627,0.11829154059181002,0.12159875321431438,0.11037110435911017
0.972,0.12017373835419648,0.1169053648803464,0.12017381257347257,0.10907774265259822
0.973,0.1187625373849193,0.11553254444143701,0.11876260196857713,0.10779684199628152
0.974,0.11736497399651981,0.11417299068117488,0.1173650301604032,0.10652831972756036
0.975,0.1159809571720156,0.11282661505797292,0.11598100598329456,0.10527209323273022
0.976,0.11461039595662297,0.1114933290907505,0.11461043835134656,0.10402807995461127
0.977,0.11325319946606288,0.11017304436701496,0.11325323626472211,0.10279619740008074
0.978,0.11190927689476397,0.10886567255084052,0.1119093088160773,0.10157636314751074
0.979,0.11057853752395705,0.10757112539074223,0.11057856519707343,0.10036849485410865
0.98,0.10926089072966141,0.10628931472744642,0.10926091470495627,0.09917251026316169
0.981,0.10795624599056766,0.1050201525015578,0.10795626674918433,0.09798832721118576
0.982,0.10666451289581118,0.10376355076112223,0.10666453085808958,0.09681586363497731
0.983,0.10538560115263983,0.10251942166908615,0.10538561668555642,0.09565503757856948
0.984,0.10411942059397723,0.10128767751065307,0.10411943401770576,0.09450576720009254
0.985,0.10286588118587679,0.100068230700536,0.10286589277957198,0.09336797077853753
0.986,0.10162489303487207,0.09886099379010711,0.10162490304176272,0.09224156672042465
0.987,0.10039636639521962,0.09766587947444454,0.10039637502709188,0.09112647356637564
0.988,0.09918021167603815,0.09648280059927618,0.09918021911717721,0.09002260999759064
0.989,0.09797633944834036,0.09531167016782102,0.09797634585899524,0.0889298948422294
0.99,0.09678466045196037,0.09415240134752807,0.09678466597138663,0.08784824708169753
0.991,0.09560508560237585,0.09300490747671328,0.09560509035150586,0.0867775858568373
0.992,0.09443752599742687,0.09186910207109439,0.09443753008121053,0.08571783047402386
0.993,0.09328189292392737,0.09074489883022449,0.09328189643338486,0.08466890041116679
0.994,0.09213809786417604,0.08963221164382378,0.09213810087819363,0.08363071532361682
0.995,0.09100605250235978,0.08853095459801097,0.09100605508926296,0.08260319504997929
0.996,0.08988566873085702,0.08744104198143318,0.0898856709497845,0.0815862596178326
0.997,0.08877685865643477,0.086362388291296,0.0887768605585404,0.08057982924935403
0.998,0.08767953460634552,0.08529490823929348,0.08767953623584672,0.07958382436685194
0.999,0.08659360913431904,0.08423851675743783,0.08659361052941256,0.0785981655982047
1.0,0.08551899502645433,0.08319312900379053,0.08551899622011405,0.07762277378220753
